
alias dana Dana Kistler <meganl83@hotmail.com>
alias tali Tali Mindek <Froggy997@aol.com>

alias team_me Larry D'Anna <larry@news.teamvideo.com>
alias hotmail_me Larry D'Anna <larrydanna@hotmail.com>
alias wam_me Larry D'Anna <ldanna@wam.umd.edu>
alias pager_me Larry D'Anna <3014744657.0033281@pagenet.net>

#alias cathy Cathy Meyer <cathy@trifocus.net>
#alias cathy Cathy Meyer <skyesong@unforgettable.com>
alias cathy Cathy Meyer <cameyer@uncg.edu>
alias juno_cathy Catherine A Meyer <oboechica@juno.com>
alias ted Theocracy  <the_o@bigfoot.com>

alias grandma BocaBea@aol.com
alias dadp Larry D'Anna <4273944@skytel.com>
#alias joey Joey D'Anna <joeydanna@hotmail.com>
#alias  joey Joey D'Anna <joey@13thstep.org>
alias  joey shambuh <joey@devilfish.dhs.org>


alias miriam Sister Miriam Bauerlin <miriam@kreative.net>
alias conlon jgconlon@hotmail.com

#alias jason Jason Kende <rabbit@oblivion.net>
#alias keith  "Keith Mandell" <kmandell@gwis2.circ.gwu.edu>
#alias gerber "Jason Gerber" <agerber@erols.com>

alias obv-talk obv-talk@oblivion.net
alias p5p perl5-porters@perl.org
alias umlug um-linux@Glue.umd.edu
alias mutt-dev mutt-dev@mutt.org

alias abed Abed <doabed@erols.com>
alias rich_reuters Richard Hoskins <richard.hoskins@reuters.com>
alias dan Dan Kim <dlkim@earthlink.net>


alias hans_old Hans Ostendorp <red_byron@post.com>

alias sabeen Sabeen <sweetsmiles@juno.com>
alias jeremy_kirsch jeremy kirsch <drainu0000@aol.com>
alias laurie Laurie Guss <laurieb@wam.umd.edu>
alias shawn Shawn Mende <smende@wam.umd.edu>
alias bonnie Bonnie Xu <kefuxu@erols.com>
alias seth Seth Seidman <seidman@wam.umd.edu>

alias katrina Katrina <trina@wam.umd.edu>

alias rachel Rachel Michelle Green <rmgreen@wam.umd.edu>
alias zitnay azitnay@wam.umd.edu


alias alexey Alexey Toptygin <alexeyt@wam.umd.edu>
alias pip pip <aszoth@wam.umd.edu>
alias jason Jason Hubbard <jasonfh@wam.umd.edu>

alias abi Abi Thompson <shado@wam.umd.edu>
alias peter Peter Teuben <teuben@astro.umd.edu>
alias aeron aelkiss@wam.umd.edu
alias dan hearsthesoul@aol.com 

alias jessica Jessica <Jsslyn@aol.com>
alias gasarch gasarch@cs.umd.edu


alias alissa.1 Alissa Irving <ducklet@thefragile.com>
alias alissa.2 Alissa Irving <ducklet@cdepot.com>
alias alissa.3 Alissa Irving <alissa.irving@gmail.com>


alias glen Dr Glen <jg214002@umd5.umd.edu>
alias oren Oren Fromberg <orenf@wam.umd.edu>

alias griffy Tim Strobell aka Griffy <griffy@math.umd.edu>
alias eoin Eoin Fitzpatrick <efitzpat@jcagw.org>

alias robotpeeps alchang@wam.umd.edu, Clifford Knoll <cknoll@Glue.umd.edu>, Fumin Zhang <fuminz@Glue.umd.edu>, Elena Grassi <grassi@Glue.umd.edu>, Dimitrios Hristu <hristu@Glue.umd.edu>, Jeffrey Ronald Guy <jguy@Glue.umd.edu>, "P.S. Krishnaprasad" <krishna@isr.umd.edu>, Sean Bertil Andersson <sanderss@Glue.umd.edu>, sodre@wam.umd.edu

alias fumin Fumin Zhang <fuminz@Glue.umd.edu>  
alias dimitrios Dimitrios Hristu <hristu@Glue.umd.edu>
alias sean  Sean Bertil Andersson <sanderss@Glue.umd.edu>

alias lizmaddos Liz <kbear302@aol.com>
alias angi Angi <ratprincess@antisocial.com>
alias mellisa mellisa <pixigoth7@aol.com>
alias commie mermilik@hotmail.com
alias glen Dr. Glen <jg214002@umd5.umd.edu>
alias danny danny <nikanj@hotmail.com>
alias chris stir fry pork <heathengod@hotmail.com>
alias fawzi Fawzi Emad <fpe@math.umd.edu>
alias mel Melissa Goldman <melgol@wam.umd.edu>
alias old_armstrong John Armstrong <riemann@13th-floor.org>
alias armstrong John ArmStrong <john.armstrong@math.yale.edu>
alias riemann John Armstrong <riemann@13th-floor.org>
alias mike Mike Farahbakhshian <mxfara@wm.edu>
alias sodre Patrick Sodre Carlos <sodre@isr.umd.edu>
alias lcamp Lori Campanella <lcamp@glue.umd.edu>
alias jp Joseph-paul Anthony Swinski <jswinski@Glue.umd.edu>
alias magic magic man <Adamraugh@juno.com>
alias spong Matt Spong <spong@Glue.umd.edu>
alias vuln-dev VULN-DEV@SECURITYFOCUS.COM
alias postow Brian Postow <bpostow@cs.umd.edu>
alias lin Crarles Lin <clin@cs.umd.edu>
alias brian Brian Postow <bpostow@cs.umd.edu>
alias charles Charles Lin <clin@cs.umd.edu>
alias bpostow Brian Postow <bpostow@cs.umd.edu>
alias clin Charles Lin <clin@cs.umd.edu>
alias dingo Reg Hahne <rhahne@mail.howard.k12.md.us>
alias perlis Don Perlis <perlis@cs.umd.edu>
alias meesh Michelle Hugue <meesh@cs.umd.edu>
alias sussman \"Alan Sussman\" <als@cs.umd.edu>
alias areisse Andrew Reisse <andrew@reisse.net>
alias laurie Laurie Guss <laurieb@wam.umd.edu>
alias thoughts thoughts@13th-floor.org

alias trish pcronaue@deans.umd.edu
alias liz liz <emoric1@umbc.edu>
alias kruskal Clyde Kruskal <kruskal@cs.umd.edu>
#alias meghan Meghan  <mgwyer@wam.umd.edu>
alias meghan Meghan  <meghan@elder-gods.org>
alias aga Aga Skotowski <aga@cs.umd.edu>
alias gah Garry Helzer <gah@math.umd.edu>
alias helzer Garry Helzer <gah@math.umd.edu>
alias yu Jiu-Kang Yu <yu@math.umd.edu>
alias mark \"Feldman, Mark\" <Mark_Feldman@NAI.com>
alias feldman \"Feldman, Mark\" <Mark_Feldman@NAI.com>
alias machedon Matei Machedon <mxm@math.umd.edu>
alias nan Nan Wang <nwang@cs.umd.edu>
alias woessner Bill Woessner <woessner@cs.umd.edu>
alias jj Jay Maybury <jmaybury@cs.umd.edu>
alias maybury Jay Maybury <jmaybury@cs.umd.edu>
alias tseng Chau-Wen Tseng <tseng@cs.umd.edu>
alias lee Lee Badger <badger@tislabs.com>
alias nyarlathotep Elizabeth Morice <nyarlathotep@elder-gods.org>
alias ceiridwen Meghan Gwyer <ceiridwen_@yahoo.com>
alias spy spook girl <meghaeg@ucia.gov>
alias dschneid dschneid@accmail.umd.edu
alias moody Moody Al-Tamimi <maltamim@tislabs.com>
alias zack zack@z-computers.com
alias gwen Gwen Kaye <gwen@cs.umd.edu>
alias jan Jandelyn Plane <jplane@cs.umd.edu>
alias timsamples \"Timothy J. Samples\" <tim@tislabs.com>

alias tas jra@cs.umd.edu, jplane@cs.umd.edu, deep@cs.umd.edu, larry@pink.dhs.org, aelkiss@wam.umd.edu, dagy@wam.umd.edu, mgwyer@wam.umd.edu, mhshin@cs.umd.edu, bhhan@cs.umd.edu, spacebal@wam.umd.edu, ctas@cs.umd.edu
alias johnk John Kelley <johnk@tislabs.com>
alias smith Carl Smith <smith@cs.umd.edu>
alias washington Larry Washington <lcw@math.umd.edu>
alias millson John Millson <jjm@math.umd.edu>
alias mount Dave Mount <mount@cs.umd.edu>
alias spma SPMA <spma@tislabs.com>
alias arras John Arras <jra@cs.umd.edu>

# alias 250  <jra@cs.umd.edu>, jplane@cs.umd.edu, deep@cs.umd.edu, UnderGrad Tas <larry@pink.dhs.org>, aelkiss@wam.umd.edu, dagy@wam.umd.edu, mgwyer@wam.umd.edu, <mhshin@cs.umd.edu>, bhhan@cs.umd.edu,	spacebal@wam.umd.edu, ctas@cs.umd.edu
alias 250 <xinli@cs.umd.edu>, <ctas@cs.umd.edu>,<stevenjc@cs.umd.edu>, <deep@cs.umd.edu>, <jplane@cs.umd.edu>,<jra@cs.umd.edu>, <larry@pink.dhs.org>, <mgwyer@wam.umd.edu>,<pkirlin@cs.umd.edu>, <spacebal@wam.umd.edu>


alias hahne Reg Hahne <rhahne@mail.howard.k12.md.us>
alias kueker David Kueker <dwk@math.umd.edu>

alias chad Chad Groft <clgroft@wam.umd.edu>
alias evan Evan <withinmymindseye@hotmail.com>
alias brin \"Dr.  Brin\" <mbrin@math.umd.edu>
alias fitzpatrick \"Dr. Fitzpatrick\" <pmf@math.umd.edu>
alias tom Tom Van Vleck <tvanvlec@tislabs.com>
alias samir Samir Khuller <samir@cs.umd.edu>
alias jplane Jandelyn Plane  <jplane@cs.umd.edu>
alias doug Douglas Kilpatrick <dougk@tislabs.com>
alias kilpatrick Douglas Kilpatrick <dougk@tislabs.com>
alias kdkeiser kdkeiser@erols.com
alias bridgett Bridgett Gwyer  <mahafny@hotmail.com>
alias adschris \"Christopher M. Doyle\" <cdoyle@dione.umd.edu>
alias adsscott scott gibson <sgibson@deans.umd.edu>
alias supercluster supercluster@13th-floor.org
alias techies techies@tislabs.com
alias rich_gliders RichScorze@aol.com
alias ricardo \"Dr. Ricardo H. Nochetto\" <rhn@math.umd.edu>
alias johna John Arras <jra@cs.umd.edu>
alias ozga Kim Ozga <ozga@math.umd.edu>
alias john.armstrong John Robert Armstrong <john.armstrong@math.yale.edu>
alias mike Mike Farahbakhshian <mike@13th-floor.org>
alias laskowski mcl@math.umd.edu
alias dereck Oyemekadoy@aol.com
alias dad Larry D\'Anna <ldanna@teamgroup.tv>
alias chow Stanley Chow <stanley.chow@cloakware.com>
alias boyle \"M. Michael Boyle\" <mmb@math.umd.edu>
alias donna.earthlink Donna Gwyer <degwyer@earthlink.net>
#alias mom Carla D\'Anna <cdanna@comcast.net>
alias wolpert swolpert@deans.umd.edu
alias appel Andrew Appel <appel@princeton.edu>
alias joeyteam Joey D\'Anna <jdanna@teamgroup.tv>
alias schwab Stephen Schwab <Stephen_Schwab@NAI.com>


alias users andrew@elder-gods.org, awyr@elder-gods.org, cthulhu@elder-gods.org, \
	jimandsue@elder-gods.org, joey@elder-gods.org,larry@elder-gods.org, \
	meghan@elder-gods.org, mike@elder-gods.org, momomom@elder-gods.org, \
	nyarlathotep@elder-gods.org, rhiannannanon@elder-gods.org, theo@elder-gods.org
alias meguich Megan Guichard <meg@its.caltech.edu>
alias loneil Lawrence O\'Neil <lponeil@hotmail.com>


alias andreas Ann Andreas <aandreas@rimsi.com>


alias rsnader Robin Snader <rsnader@ufl.edu>
alias andrew Andrew W Snowden <asnowden@Princeton.EDU>
alias kingc kingc@washpost.com
alias bese-devel bese-devel@common-lisp.net
alias sbcl-devel sbcl-devel@lists.sourceforge.net
alias slime-devel slime-devel@common-lisp.net
alias darcs-devel darcs-devel@darcs.net
alias marco Marco Baringer <mb@bese.it>
alias christie1 christie <hershey128@hotmail.com>
alias christie2 christie <benjismypmp@hotmail.com>
alias christie3 christie <christie@elder-gods.org>
alias donna Donna Gwyer <donna@elder-gods.org>
alias tzavaras Thanos Tzavaras <tzavaras@math.umd.edu>
alias bridgett bridgett@elder-gods.org

alias luke Luke <undenyme@hotmail.com>
alias mom Carla D\'Anna <cdanna2003@yahoo.com>
alias dana-umd Dana <dmlk@wam.umd.edu>
alias adam Adam Raugh <araugh@spcincorporated.com>
alias mike_work mike <mahyar.farahbakhshian@saic.com>
alias donna_yahoo Donna Gwyer <donnaeg45@yahoo.com>
alias lponeil Lawrence O\'Neil <lponeil@math.umd.edu>
alias bridgett-work Bridgett Gwyer <BGwyer@cubicconsulting.com.au>
alias denny Denny Newbold <newbold@zoominternet.net>
alias christie Christie D\'Anna <cdanna@cp.csudh.edu>
alias julie Julie <julieslk@gmail.com>
alias hans Hans <vossbot@gmail.com>
alias iterate-devel iterate-devel <iterate-devel@common-lisp.net>
alias armstrong2 John Armstrong <jarmstro@tulane.edu>
alias dana_marshals Dana Kistler <Dana.Langston-Kistler@usdoj.gov>
alias john.armstrong.new.orleans John Armstrong <jarmstro@tulane.edu>
alias claude Claude Smith <ClaudeVSmith@gmail.com>
alias christie.gmail Christie D\'Anna <cdannaster@gmail.com>
alias matthew Matthew Stein <MStein@EvergreenInvestments.com>
alias kyle Kyle Smith <kyle@13th-floor.org>
alias bridgettwork Bridgett Gwyer <bgwyer@cubicconsulting.com.au>
alias cathy_gmail Cathy Stein <catherinestein@gmail.com>
alias donna_gmail Donna Gwyer <gwyerdonna@gmail.com>
alias lukework Luke Cherry <cherryl@nrtc.gov.au>
alias liz_izzi Liz Morice <liz@izzianne.com>
alias theo_gmail Theodore Meyer <theo.meyer@gmail.com>
alias julie2 \"D\'Anna, Julia A\" <Julia_A_D\'Anna@mcpsmd.org>
alias junio Junio C Hamano <gitster@pobox.com>
alias roissy roissy <savorthetaste88@yahoo.com>
